"DESCRIPTION","DURATION IN MS","NAME","PARENT SUITE","START TIME","STATUS","STOP TIME","SUB SUITE","SUITE","TEST CLASS","TEST METHOD"
"","34","Verifier should reject an auth token without the Bearer prefix","","Mon Feb 23 11:08:41 UTC 2026","passed","Mon Feb 23 11:08:41 UTC 2026","","org.eclipse.dataspacetck.dcp.verification.presentation.verifier.PresentationFlowSection4Test","org.eclipse.dataspacetck.dcp.verification.presentation.verifier.PresentationFlowSection4Test","presentationResponse_rejectMissingBearerPrefix"
"","2074","transferMultipleFiles()","","Mon Feb 23 11:10:19 UTC 2026","passed","Mon Feb 23 11:10:22 UTC 2026","","org.eclipse.tractusx.edc.dataplane.transfer.test.S3ToS3Test","org.eclipse.tractusx.edc.dataplane.transfer.test.S3ToS3Test","transferMultipleFiles"
"","6141","httpPushDataTransfer_withLegacyUsagePolicy()","","Mon Feb 23 11:12:00 UTC 2026","passed","Mon Feb 23 11:12:06 UTC 2026","","org.eclipse.tractusx.edc.tests.transfer.TransferPushEndToEndTest.Dsp08to08","org.eclipse.tractusx.edc.tests.transfer.TransferPushEndToEndTest$Dsp08to08","httpPushDataTransfer_withLegacyUsagePolicy"
"","2519","The Authorization header is empty","","Mon Feb 23 11:08:33 UTC 2026","passed","Mon Feb 23 11:08:35 UTC 2026","","org.eclipse.tractusx.edc.dataplane.tokenrefresh.e2e.DataPlaneTokenRefreshEndToEndTest","org.eclipse.tractusx.edc.dataplane.tokenrefresh.e2e.DataPlaneTokenRefreshEndToEndTest","refresh_emptyAuthHeader"
"","3951","Verify that the consumer receives only the offers he is permitted to (using the legacy CX policy)","","Mon Feb 23 11:08:44 UTC 2026","passed","Mon Feb 23 11:08:48 UTC 2026","","org.eclipse.tractusx.edc.tests.catalog.CatalogTest","org.eclipse.tractusx.edc.tests.catalog.CatalogTest","requestCatalog_filteredByBpn_UsingLegacyCxPolicy_shouldReject"
"","98","5.4.2.2 Verifier should accept a presentation response message that contains more credentials than requested","","Mon Feb 23 11:08:42 UTC 2026","passed","Mon Feb 23 11:08:42 UTC 2026","","org.eclipse.dataspacetck.dcp.verification.presentation.verifier.PresentationFlowSection5Test","org.eclipse.dataspacetck.dcp.verification.presentation.verifier.PresentationFlowSection5Test","verifier_05_04_02_02_presentationResponse_tooManyCredentials"
"","5048","httpPushDataTransfer()","","Mon Feb 23 11:12:06 UTC 2026","passed","Mon Feb 23 11:12:11 UTC 2026","","org.eclipse.tractusx.edc.tests.transfer.TransferPushEndToEndTest.Dsp08to08","org.eclipse.tractusx.edc.tests.transfer.TransferPushEndToEndTest$Dsp08to08","httpPushDataTransfer"
"","2391","The authentication token has a invalid id","","Mon Feb 23 11:08:40 UTC 2026","passed","Mon Feb 23 11:08:42 UTC 2026","","org.eclipse.tractusx.edc.dataplane.tokenrefresh.e2e.DataPlaneTokenRefreshEndToEndTest","org.eclipse.tractusx.edc.dataplane.tokenrefresh.e2e.DataPlaneTokenRefreshEndToEndTest","refresh_invalidTokenId"
"","40","Policy is not accepted due to missing context ""Contract reference""","","Mon Feb 23 11:08:37 UTC 2026","passed","Mon Feb 23 11:08:37 UTC 2026","","org.eclipse.tractusx.edc.tests.policy.PolicyDefinitionEndToEndTest","org.eclipse.tractusx.edc.tests.policy.PolicyDefinitionEndToEndTest","shouldNotAcceptInvalidNamespacePolicyDefinitions"
"","686","Verify that the consumer receives only the offers he is permitted to (using the legacy BPN validation)","","Mon Feb 23 11:08:48 UTC 2026","passed","Mon Feb 23 11:08:49 UTC 2026","","org.eclipse.tractusx.edc.tests.catalog.CatalogTest","org.eclipse.tractusx.edc.tests.catalog.CatalogTest","requestCatalog_filteredByBpnLegacy_WithNamespace_shouldReject"
"","2100","transferMultipleFile_success(Vault)","","Mon Feb 23 11:09:25 UTC 2026","passed","Mon Feb 23 11:09:27 UTC 2026","","org.eclipse.tractusx.edc.dataplane.transfer.test.AzureToAzureTest","org.eclipse.tractusx.edc.dataplane.transfer.test.AzureToAzureTest","transferMultipleFile_success"
"","12123","transferFile_withBucketCreation_success()","","Mon Feb 23 11:09:59 UTC 2026","passed","Mon Feb 23 11:10:11 UTC 2026","","org.eclipse.tractusx.edc.tests.transfer.S3ToS3EndToEndTest","org.eclipse.tractusx.edc.tests.transfer.S3ToS3EndToEndTest","transferFile_withBucketCreation_success"
"","58","triggerDataTransfer_shouldFail_whenDataFlowDoesNotExist()","","Mon Feb 23 11:08:46 UTC 2026","passed","Mon Feb 23 11:08:46 UTC 2026","","org.eclipse.tractusx.edc.tests.transfer.DataFlowApiEndToEndTest","org.eclipse.tractusx.edc.tests.transfer.DataFlowApiEndToEndTest","triggerDataTransfer_shouldFail_whenDataFlowDoesNotExist"
"","37","Policy is not accepted due to missing context ""Affiliates Region""","","Mon Feb 23 11:08:36 UTC 2026","passed","Mon Feb 23 11:08:36 UTC 2026","","org.eclipse.tractusx.edc.tests.policy.PolicyDefinitionEndToEndTest","org.eclipse.tractusx.edc.tests.policy.PolicyDefinitionEndToEndTest","shouldNotAcceptInvalidNamespacePolicyDefinitions"
"","61","Policy is accepted ""Confidential Information Measures""","","Mon Feb 23 11:08:35 UTC 2026","passed","Mon Feb 23 11:08:35 UTC 2026","","org.eclipse.tractusx.edc.tests.policy.PolicyDefinitionEndToEndTest","org.eclipse.tractusx.edc.tests.policy.PolicyDefinitionEndToEndTest","shouldAcceptValidPolicyDefinitions"
"","10418","httpPushNonFiniteDataTransfer()","","Mon Feb 23 11:12:52 UTC 2026","passed","Mon Feb 23 11:13:02 UTC 2026","","org.eclipse.tractusx.edc.tests.transfer.TransferPushEndToEndTest.Dsp2025to2025","org.eclipse.tractusx.edc.tests.transfer.TransferPushEndToEndTest$Dsp2025to2025","httpPushNonFiniteDataTransfer"
"","3052","transferData_privateBackend_withConsumerDataPlane()","","Mon Feb 23 11:10:56 UTC 2026","passed","Mon Feb 23 11:10:59 UTC 2026","","org.eclipse.tractusx.edc.tests.transfer.TransferPullEndToEndTest.Dsp2025to2025","org.eclipse.tractusx.edc.tests.transfer.TransferPullEndToEndTest$Dsp2025to2025","transferData_privateBackend_withConsumerDataPlane"
"","40","Policy is not accepted due to missing context ""DataExchangeGovernance use case""","","Mon Feb 23 11:08:36 UTC 2026","passed","Mon Feb 23 11:08:36 UTC 2026","","org.eclipse.tractusx.edc.tests.policy.PolicyDefinitionEndToEndTest","org.eclipse.tractusx.edc.tests.policy.PolicyDefinitionEndToEndTest","shouldNotAcceptInvalidNamespacePolicyDefinitions"
"","61","Policy is accepted ""Precedence""","","Mon Feb 23 11:08:35 UTC 2026","passed","Mon Feb 23 11:08:35 UTC 2026","","org.eclipse.tractusx.edc.tests.policy.PolicyDefinitionEndToEndTest","org.eclipse.tractusx.edc.tests.policy.PolicyDefinitionEndToEndTest","shouldAcceptValidPolicyDefinitions"
"","3106","transferData_unsuccessful_notReturnOriginalSourceResponseCode_withTerminate()","","Mon Feb 23 11:11:02 UTC 2026","passed","Mon Feb 23 11:11:05 UTC 2026","","org.eclipse.tractusx.edc.tests.transfer.TransferPullEndToEndTest.Dsp2025to2025","org.eclipse.tractusx.edc.tests.transfer.TransferPullEndToEndTest$Dsp2025to2025","transferData_unsuccessful_notReturnOriginalSourceResponseCode_withTerminate"
"","43","Policy is not accepted due to missing context ""MembershipCredential""","","Mon Feb 23 11:08:36 UTC 2026","passed","Mon Feb 23 11:08:36 UTC 2026","","org.eclipse.tractusx.edc.tests.policy.PolicyDefinitionEndToEndTest","org.eclipse.tractusx.edc.tests.policy.PolicyDefinitionEndToEndTest","shouldNotAcceptInvalidNamespacePolicyDefinitions"
"","33","discoveryShouldReturn2025DspParams_DidAsIdentifier()","","Mon Feb 23 11:09:11 UTC 2026","passed","Mon Feb 23 11:09:11 UTC 2026","","org.eclipse.tractusx.edc.discovery.e2e.ConnectorParameterDiscoveryTest","org.eclipse.tractusx.edc.discovery.e2e.ConnectorParameterDiscoveryTest","discoveryShouldReturn2025DspParams_DidAsIdentifier"
"","55","Policy is accepted ""Exclusive Usage""","","Mon Feb 23 11:08:35 UTC 2026","passed","Mon Feb 23 11:08:35 UTC 2026","","org.eclipse.tractusx.edc.tests.policy.PolicyDefinitionEndToEndTest","org.eclipse.tractusx.edc.tests.policy.PolicyDefinitionEndToEndTest","shouldAcceptValidPolicyDefinitions"
"","283","Verify that the consumer receives only the offers he is permitted to (using the new BPN validation)","","Mon Feb 23 11:09:40 UTC 2026","passed","Mon Feb 23 11:09:41 UTC 2026","","org.eclipse.tractusx.edc.tests.catalog.CatalogTest","org.eclipse.tractusx.edc.tests.catalog.CatalogTest","requestCatalog_filteredByBpn_shouldReject"
"","2062","transferFile_azureToS3(Vault)","","Mon Feb 23 11:09:52 UTC 2026","passed","Mon Feb 23 11:09:54 UTC 2026","","org.eclipse.tractusx.edc.dataplane.transfer.test.MultiCloudTest","org.eclipse.tractusx.edc.dataplane.transfer.test.MultiCloudTest","transferFile_azureToS3"
"","5862","transferData_withSuspendResume()","","Mon Feb 23 11:11:31 UTC 2026","passed","Mon Feb 23 11:11:37 UTC 2026","","org.eclipse.tractusx.edc.tests.transfer.TransferPullEndToEndTest.Dsp2025to2025","org.eclipse.tractusx.edc.tests.transfer.TransferPullEndToEndTest$Dsp2025to2025","transferData_withSuspendResume"
"","52","5.4.2.4 Verifier should reject an a presentation where a requested credential is missing","","Mon Feb 23 11:08:42 UTC 2026","passed","Mon Feb 23 11:08:42 UTC 2026","","org.eclipse.dataspacetck.dcp.verification.presentation.verifier.PresentationFlowSection5Test","org.eclipse.dataspacetck.dcp.verification.presentation.verifier.PresentationFlowSection5Test","verifier_05_04_02_04_presentationResponse_emptyCredentials"
"","2062","transferFolder_targetFolderNotExists_shouldCreate(Vault)","","Mon Feb 23 11:09:29 UTC 2026","passed","Mon Feb 23 11:09:32 UTC 2026","","org.eclipse.tractusx.edc.dataplane.transfer.test.AzureToAzureTest","org.eclipse.tractusx.edc.dataplane.transfer.test.AzureToAzureTest","transferFolder_targetFolderNotExists_shouldCreate"
"","32","Policy is not accepted due to missing context ""Confidential Information Sharing""","","Mon Feb 23 11:08:37 UTC 2026","passed","Mon Feb 23 11:08:37 UTC 2026","","org.eclipse.tractusx.edc.tests.policy.PolicyDefinitionEndToEndTest","org.eclipse.tractusx.edc.tests.policy.PolicyDefinitionEndToEndTest","shouldNotAcceptInvalidNamespacePolicyDefinitions"
"","7765","Contract policy is fulfilled ""MembershipCredential""","","Mon Feb 23 11:10:03 UTC 2026","passed","Mon Feb 23 11:10:11 UTC 2026","","org.eclipse.tractusx.edc.tests.transfer.DimConsumerPullTest","org.eclipse.tractusx.edc.tests.transfer.DimConsumerPullTest","transferData_whenContractPolicyFulfilled"
"","4064","transferData_privateBackend_withConsumerDataPlane()","","Mon Feb 23 11:10:20 UTC 2026","passed","Mon Feb 23 11:10:24 UTC 2026","","org.eclipse.tractusx.edc.tests.transfer.DimConsumerPullTest","org.eclipse.tractusx.edc.tests.transfer.DimConsumerPullTest","transferData_privateBackend_withConsumerDataPlane"
"","48","Policy is accepted ""Contract reference""","","Mon Feb 23 11:08:35 UTC 2026","passed","Mon Feb 23 11:08:35 UTC 2026","","org.eclipse.tractusx.edc.tests.policy.PolicyDefinitionEndToEndTest","org.eclipse.tractusx.edc.tests.policy.PolicyDefinitionEndToEndTest","shouldAcceptValidPolicyDefinitions"
"","303","4.3.3 Verify invalid access token - jti","","Mon Feb 23 11:08:41 UTC 2026","passed","Mon Feb 23 11:08:42 UTC 2026","","org.eclipse.dataspacetck.dcp.verification.presentation.verifier.PresentationFlowSection4Test","org.eclipse.dataspacetck.dcp.verification.presentation.verifier.PresentationFlowSection4Test","verifier_04_03_03_idTokenJtiUsedTwice"
"","3007","transferData_success_withProxyOriginalResponse_withoutSourceResponseBody()","","Mon Feb 23 11:10:59 UTC 2026","passed","Mon Feb 23 11:11:02 UTC 2026","","org.eclipse.tractusx.edc.tests.transfer.TransferPullEndToEndTest.Dsp2025to2025","org.eclipse.tractusx.edc.tests.transfer.TransferPullEndToEndTest$Dsp2025to2025","transferData_success_withProxyOriginalResponse_withoutSourceResponseBody"
"","308","retireAgreement_shouldFail_whenAgreementDoesNotExist()","","Mon Feb 23 11:09:08 UTC 2026","passed","Mon Feb 23 11:09:08 UTC 2026","","org.eclipse.tractusx.edc.tests.transfer.RetireAgreementTest","org.eclipse.tractusx.edc.tests.transfer.RetireAgreementTest","retireAgreement_shouldFail_whenAgreementDoesNotExist"
"","4735","Contract policy is fulfilled ""DataExchangeGovernance use case""","","Mon Feb 23 11:10:11 UTC 2026","passed","Mon Feb 23 11:10:16 UTC 2026","","org.eclipse.tractusx.edc.tests.transfer.DimConsumerPullTest","org.eclipse.tractusx.edc.tests.transfer.DimConsumerPullTest","transferData_whenContractPolicyFulfilled"
"","549","refreshEdr()","","Mon Feb 23 11:08:35 UTC 2026","passed","Mon Feb 23 11:08:35 UTC 2026","","org.eclipse.tractusx.edc.tests.edrv2.EdrCacheApiEndToEndTest","org.eclipse.tractusx.edc.tests.edrv2.EdrCacheApiEndToEndTest","refreshEdr"
"","36","Policy is not accepted due to missing context ""Jurisdiction Location""","","Mon Feb 23 11:08:37 UTC 2026","passed","Mon Feb 23 11:08:37 UTC 2026","","org.eclipse.tractusx.edc.tests.policy.PolicyDefinitionEndToEndTest","org.eclipse.tractusx.edc.tests.policy.PolicyDefinitionEndToEndTest","shouldNotAcceptInvalidNamespacePolicyDefinitions"
"","2387","Refresh token is null or empty (missing) [1] null","","Mon Feb 23 11:08:35 UTC 2026","passed","Mon Feb 23 11:08:38 UTC 2026","","org.eclipse.tractusx.edc.dataplane.tokenrefresh.e2e.DataPlaneTokenRefreshEndToEndTest","org.eclipse.tractusx.edc.dataplane.tokenrefresh.e2e.DataPlaneTokenRefreshEndToEndTest","refresh_invalidRefreshToken"
"","2791","Policy is accepted ""MembershipCredential""","","Mon Feb 23 11:08:31 UTC 2026","passed","Mon Feb 23 11:08:34 UTC 2026","","org.eclipse.tractusx.edc.tests.policy.PolicyDefinitionEndToEndTest","org.eclipse.tractusx.edc.tests.policy.PolicyDefinitionEndToEndTest","shouldAcceptValidPolicyDefinitions"
"","298","Expect the Catalog request to fail if a credential has an invalid credential subject id","","Mon Feb 23 11:10:03 UTC 2026","passed","Mon Feb 23 11:10:03 UTC 2026","","org.eclipse.tractusx.edc.tests.transfer.DimConsumerPullTest","org.eclipse.tractusx.edc.tests.transfer.DimConsumerPullTest","catalogRequest_whenCredentialSubjectIdIsInvalid"
"","6242","Contract policy is fulfilled ""MembershipCredential""","","Mon Feb 23 11:11:00 UTC 2026","passed","Mon Feb 23 11:11:06 UTC 2026","","org.eclipse.tractusx.edc.tests.transfer.StsConsumerPullTest","org.eclipse.tractusx.edc.tests.transfer.StsConsumerPullTest","transferData_whenContractPolicyFulfilled"
"","55","Policy is accepted ""Warranty Definition""","","Mon Feb 23 11:08:35 UTC 2026","passed","Mon Feb 23 11:08:35 UTC 2026","","org.eclipse.tractusx.edc.tests.policy.PolicyDefinitionEndToEndTest","org.eclipse.tractusx.edc.tests.policy.PolicyDefinitionEndToEndTest","shouldAcceptValidPolicyDefinitions"
"","64","Policy is not accepted because definition is not correct ""Policy with unknown actions types""","","Mon Feb 23 11:08:36 UTC 2026","passed","Mon Feb 23 11:08:36 UTC 2026","","org.eclipse.tractusx.edc.tests.policy.PolicyDefinitionEndToEndTest","org.eclipse.tractusx.edc.tests.policy.PolicyDefinitionEndToEndTest","shouldNotAcceptInvalidPolicyDefinitions"
"","15816","Malicious actor should not impersonate a consumer by creating a VP with the consumer membership credential","","Mon Feb 23 11:09:16 UTC 2026","passed","Mon Feb 23 11:09:32 UTC 2026","","org.eclipse.tractusx.edc.tests.transfer.CredentialSpoofTest","org.eclipse.tractusx.edc.tests.transfer.CredentialSpoofTest","shouldNotImpersonateConsumer_withWrappedConsumerCredential"
"","13009","shouldTerminateTransfer_whenPolicyExpires()","","Mon Feb 23 11:08:56 UTC 2026","passed","Mon Feb 23 11:09:09 UTC 2026","","org.eclipse.tractusx.edc.tests.policy.PolicyMonitorEndToEndTest","org.eclipse.tractusx.edc.tests.policy.PolicyMonitorEndToEndTest","shouldTerminateTransfer_whenPolicyExpires"
"","13374","azureBlobPush_withoutDestFolder()","","Mon Feb 23 11:08:39 UTC 2026","passed","Mon Feb 23 11:08:52 UTC 2026","","org.eclipse.tractusx.edc.tests.transfer.AzureToAzureEndToEndTest","org.eclipse.tractusx.edc.tests.transfer.AzureToAzureEndToEndTest","azureBlobPush_withoutDestFolder"
"","2995","transferFile_azureToS3MultipleFiles(Vault)","","Mon Feb 23 11:09:45 UTC 2026","passed","Mon Feb 23 11:09:48 UTC 2026","","org.eclipse.tractusx.edc.dataplane.transfer.test.MultiCloudTest","org.eclipse.tractusx.edc.dataplane.transfer.test.MultiCloudTest","transferFile_azureToS3MultipleFiles"
"","4347","transferData_privateBackend()","","Mon Feb 23 11:09:35 UTC 2026","passed","Mon Feb 23 11:09:40 UTC 2026","","org.eclipse.tractusx.edc.tests.transfer.TransferPullEndToEndTest.Dsp08to08","org.eclipse.tractusx.edc.tests.transfer.TransferPullEndToEndTest$Dsp08to08","transferData_privateBackend"
"","4064","transferData_privateBackend_withConsumerDataPlane()","","Mon Feb 23 11:09:40 UTC 2026","passed","Mon Feb 23 11:09:44 UTC 2026","","org.eclipse.tractusx.edc.tests.transfer.TransferPullEndToEndTest.Dsp08to08","org.eclipse.tractusx.edc.tests.transfer.TransferPullEndToEndTest$Dsp08to08","transferData_privateBackend_withConsumerDataPlane"
"","67","Policy is accepted ""Data Usage End Date Definition""","","Mon Feb 23 11:08:34 UTC 2026","passed","Mon Feb 23 11:08:34 UTC 2026","","org.eclipse.tractusx.edc.tests.policy.PolicyDefinitionEndToEndTest","org.eclipse.tractusx.edc.tests.policy.PolicyDefinitionEndToEndTest","shouldAcceptValidPolicyDefinitions"
"","226","Multiple ContractDefinitions exist for one Asset","","Mon Feb 23 11:09:41 UTC 2026","passed","Mon Feb 23 11:09:41 UTC 2026","","org.eclipse.tractusx.edc.tests.catalog.CatalogTest","org.eclipse.tractusx.edc.tests.catalog.CatalogTest","requestCatalog_multipleOffersForAsset"
"","241","discoveryShouldReturn2025DspParams_BpnAsIdentifier()","","Mon Feb 23 11:09:11 UTC 2026","passed","Mon Feb 23 11:09:11 UTC 2026","","org.eclipse.tractusx.edc.discovery.e2e.ConnectorParameterDiscoveryTest","org.eclipse.tractusx.edc.discovery.e2e.ConnectorParameterDiscoveryTest","discoveryShouldReturn2025DspParams_BpnAsIdentifier"
"","40","Policy is not accepted due to missing context ""Data Frequency""","","Mon Feb 23 11:08:36 UTC 2026","passed","Mon Feb 23 11:08:37 UTC 2026","","org.eclipse.tractusx.edc.tests.policy.PolicyDefinitionEndToEndTest","org.eclipse.tractusx.edc.tests.policy.PolicyDefinitionEndToEndTest","shouldNotAcceptInvalidNamespacePolicyDefinitions"
"","67","4.3.3 Verify invalid access token - auth token bound to a different iss/sub","","Mon Feb 23 11:08:41 UTC 2026","passed","Mon Feb 23 11:08:41 UTC 2026","","org.eclipse.dataspacetck.dcp.verification.presentation.verifier.PresentationFlowSection4Test","org.eclipse.dataspacetck.dcp.verification.presentation.verifier.PresentationFlowSection4Test","verifier_04_03_03_idTokenInvalidIssuerSub"
"","79","5.1 Verifier should accept a valid PresentationResponseMessage","","Mon Feb 23 11:08:43 UTC 2026","passed","Mon Feb 23 11:08:43 UTC 2026","","org.eclipse.dataspacetck.dcp.verification.presentation.verifier.PresentationFlowSection5Test","org.eclipse.dataspacetck.dcp.verification.presentation.verifier.PresentationFlowSection5Test","verifier_05_01_presentationResponse_success"
"","38","Policy is not accepted due to missing context ""ContractTermination""","","Mon Feb 23 11:08:37 UTC 2026","passed","Mon Feb 23 11:08:37 UTC 2026","","org.eclipse.tractusx.edc.tests.policy.PolicyDefinitionEndToEndTest","org.eclipse.tractusx.edc.tests.policy.PolicyDefinitionEndToEndTest","shouldNotAcceptInvalidNamespacePolicyDefinitions"
"","4318","transferData_success_withProxyOriginalResponse_withoutSourceResponseBody()","","Mon Feb 23 11:09:44 UTC 2026","passed","Mon Feb 23 11:09:48 UTC 2026","","org.eclipse.tractusx.edc.tests.transfer.TransferPullEndToEndTest.Dsp08to08","org.eclipse.tractusx.edc.tests.transfer.TransferPullEndToEndTest$Dsp08to08","transferData_success_withProxyOriginalResponse_withoutSourceResponseBody"
"","2194","discoveryShouldReturn400_ifRequestHasMissingProps()","","Mon Feb 23 11:08:33 UTC 2026","passed","Mon Feb 23 11:08:35 UTC 2026","","org.eclipse.tractusx.edc.discovery.e2e.ConnectorDiscoveryTest","org.eclipse.tractusx.edc.discovery.e2e.ConnectorDiscoveryTest","discoveryShouldReturn400_ifRequestHasMissingProps"
"","2557","BusinessPartnerCreated event is published","","Mon Feb 23 11:08:51 UTC 2026","passed","Mon Feb 23 11:08:54 UTC 2026","","org.eclipse.tractusx.edc.tests.bpn.events.BusinessPartnerEventTest","org.eclipse.tractusx.edc.tests.bpn.events.BusinessPartnerEventTest","shouldPublishBusinessPartnerCreatedEvent"
"","32","Policy is not accepted due to missing context ""Warranty Duration Months""","","Mon Feb 23 11:08:37 UTC 2026","passed","Mon Feb 23 11:08:37 UTC 2026","","org.eclipse.tractusx.edc.tests.policy.PolicyDefinitionEndToEndTest","org.eclipse.tractusx.edc.tests.policy.PolicyDefinitionEndToEndTest","shouldNotAcceptInvalidNamespacePolicyDefinitions"
"","166","5.4.3.6 Verifier should reject Presentations where at least 1 credential is revoked/suspended","","Mon Feb 23 11:08:42 UTC 2026","passed","Mon Feb 23 11:08:42 UTC 2026","","org.eclipse.dataspacetck.dcp.verification.presentation.verifier.PresentationFlowSection5Test","org.eclipse.dataspacetck.dcp.verification.presentation.verifier.PresentationFlowSection5Test","verifier_05_04_03_06_presentationResponse_credentialRevoked"
"","10409","httpPushNonFiniteDataTransfer()","","Mon Feb 23 11:12:11 UTC 2026","passed","Mon Feb 23 11:12:22 UTC 2026","","org.eclipse.tractusx.edc.tests.transfer.TransferPushEndToEndTest.Dsp08to08","org.eclipse.tractusx.edc.tests.transfer.TransferPushEndToEndTest$Dsp08to08","httpPushNonFiniteDataTransfer"
"","14344","transferData_withTerminate()","","Mon Feb 23 11:11:08 UTC 2026","passed","Mon Feb 23 11:11:22 UTC 2026","","org.eclipse.tractusx.edc.tests.transfer.TransferPullEndToEndTest.Dsp2025to2025","org.eclipse.tractusx.edc.tests.transfer.TransferPullEndToEndTest$Dsp2025to2025","transferData_withTerminate"
"","44","Policy is not accepted because definition is not correct ""Policy with different actions types""","","Mon Feb 23 11:08:36 UTC 2026","passed","Mon Feb 23 11:08:36 UTC 2026","","org.eclipse.tractusx.edc.tests.policy.PolicyDefinitionEndToEndTest","org.eclipse.tractusx.edc.tests.policy.PolicyDefinitionEndToEndTest","shouldNotAcceptInvalidPolicyDefinitions"
"","40","Policy is not accepted due to missing context ""Jurisdiction Location Reference""","","Mon Feb 23 11:08:37 UTC 2026","passed","Mon Feb 23 11:08:37 UTC 2026","","org.eclipse.tractusx.edc.tests.policy.PolicyDefinitionEndToEndTest","org.eclipse.tractusx.edc.tests.policy.PolicyDefinitionEndToEndTest","shouldNotAcceptInvalidNamespacePolicyDefinitions"
"","3032","transferData_successful_notReturnOriginalSourceResponseCode_withTerminate()","","Mon Feb 23 11:11:37 UTC 2026","passed","Mon Feb 23 11:11:40 UTC 2026","","org.eclipse.tractusx.edc.tests.transfer.TransferPullEndToEndTest.Dsp2025to2025","org.eclipse.tractusx.edc.tests.transfer.TransferPullEndToEndTest$Dsp2025to2025","transferData_successful_notReturnOriginalSourceResponseCode_withTerminate"
"","7509","transferData_withAutomaticRefresh()","","Mon Feb 23 11:13:22 UTC 2026","passed","Mon Feb 23 11:13:29 UTC 2026","","org.eclipse.tractusx.edc.tests.transfer.TransferWithTokenRefreshTest","org.eclipse.tractusx.edc.tests.transfer.TransferWithTokenRefreshTest","transferData_withAutomaticRefresh"
"","147619","assertDspCompatibility()","","Mon Feb 23 11:08:37 UTC 2026","passed","Mon Feb 23 11:11:05 UTC 2026","","org.eclipse.tractusx.edc.tests.tck.dsp.EdcCompatibilityPostgresTest","org.eclipse.tractusx.edc.tests.tck.dsp.EdcCompatibilityPostgresTest","assertDspCompatibility"
"","3999","transferData_privateBackend()","","Mon Feb 23 11:10:16 UTC 2026","passed","Mon Feb 23 11:10:20 UTC 2026","","org.eclipse.tractusx.edc.tests.transfer.DimConsumerPullTest","org.eclipse.tractusx.edc.tests.transfer.DimConsumerPullTest","transferData_privateBackend"
"","4950","Contract policy is fulfilled ""DataExchangeGovernance use case""","","Mon Feb 23 11:11:06 UTC 2026","passed","Mon Feb 23 11:11:11 UTC 2026","","org.eclipse.tractusx.edc.tests.transfer.StsConsumerPullTest","org.eclipse.tractusx.edc.tests.transfer.StsConsumerPullTest","transferData_whenContractPolicyFulfilled"
"","7036","transferData_withExpiredEdr_shouldReturn4xx()","","Mon Feb 23 11:13:29 UTC 2026","passed","Mon Feb 23 11:13:36 UTC 2026","","org.eclipse.tractusx.edc.tests.transfer.TransferWithTokenRefreshTest","org.eclipse.tractusx.edc.tests.transfer.TransferWithTokenRefreshTest","transferData_withExpiredEdr_shouldReturn4xx"
"","1511","Consumer gets cached catalog with provider entry","","Mon Feb 23 11:10:01 UTC 2026","passed","Mon Feb 23 11:10:03 UTC 2026","","org.eclipse.tractusx.edc.tests.catalog.FederatedCatalogTest","org.eclipse.tractusx.edc.tests.catalog.FederatedCatalogTest","requestCatalog_fulfillsPolicy_shouldReturnOffer"
"","7153","azureBlobPush_withDestFolder()","","Mon Feb 23 11:08:52 UTC 2026","passed","Mon Feb 23 11:09:00 UTC 2026","","org.eclipse.tractusx.edc.tests.transfer.AzureToAzureEndToEndTest","org.eclipse.tractusx.edc.tests.transfer.AzureToAzureEndToEndTest","azureBlobPush_withDestFolder"
"","41","Policy is not accepted due to missing context ""Warranty""","","Mon Feb 23 11:08:37 UTC 2026","passed","Mon Feb 23 11:08:37 UTC 2026","","org.eclipse.tractusx.edc.tests.policy.PolicyDefinitionEndToEndTest","org.eclipse.tractusx.edc.tests.policy.PolicyDefinitionEndToEndTest","shouldNotAcceptInvalidNamespacePolicyDefinitions"
"","8187","azureBlobPush_containerNotExist()","","Mon Feb 23 11:09:00 UTC 2026","passed","Mon Feb 23 11:09:08 UTC 2026","","org.eclipse.tractusx.edc.tests.transfer.AzureToAzureEndToEndTest","org.eclipse.tractusx.edc.tests.transfer.AzureToAzureEndToEndTest","azureBlobPush_containerNotExist"
"","4042","transferData_success_withProxyOriginalResponse()","","Mon Feb 23 11:11:27 UTC 2026","passed","Mon Feb 23 11:11:31 UTC 2026","","org.eclipse.tractusx.edc.tests.transfer.TransferPullEndToEndTest.Dsp2025to2025","org.eclipse.tractusx.edc.tests.transfer.TransferPullEndToEndTest$Dsp2025to2025","transferData_success_withProxyOriginalResponse"
"","60","4.3.1 Verifier should reject an ID token that does not contain an access token","","Mon Feb 23 11:08:41 UTC 2026","passed","Mon Feb 23 11:08:41 UTC 2026","","org.eclipse.dataspacetck.dcp.verification.presentation.verifier.PresentationFlowSection4Test","org.eclipse.dataspacetck.dcp.verification.presentation.verifier.PresentationFlowSection4Test","verifier_04_03_01_presentationResponse_idTokenNoTokenClaim"
"","2378","The sign key of the authentication token is different from the public key from the DID","","Mon Feb 23 11:08:45 UTC 2026","passed","Mon Feb 23 11:08:47 UTC 2026","","org.eclipse.tractusx.edc.dataplane.tokenrefresh.e2e.DataPlaneTokenRefreshEndToEndTest","org.eclipse.tractusx.edc.dataplane.tokenrefresh.e2e.DataPlaneTokenRefreshEndToEndTest","refresh_spoofedAuthToken"
"","93","refreshEdr_whenNotFound()","","Mon Feb 23 11:08:35 UTC 2026","passed","Mon Feb 23 11:08:36 UTC 2026","","org.eclipse.tractusx.edc.tests.edrv2.EdrCacheApiEndToEndTest","org.eclipse.tractusx.edc.tests.edrv2.EdrCacheApiEndToEndTest","refreshEdr_whenNotFound"
"","83","Verify the refresh endpoint is not called when token not yet expired","","Mon Feb 23 11:08:35 UTC 2026","passed","Mon Feb 23 11:08:35 UTC 2026","","org.eclipse.tractusx.edc.tests.edrv2.EdrCacheApiEndToEndTest","org.eclipse.tractusx.edc.tests.edrv2.EdrCacheApiEndToEndTest","getEdrWithRefresh_notExpired_shouldNotCallEndpoint"
"","59","4.3.3 Verify invalid access token - sub does not match DID document id","","Mon Feb 23 11:08:42 UTC 2026","passed","Mon Feb 23 11:08:42 UTC 2026","","org.eclipse.dataspacetck.dcp.verification.presentation.verifier.PresentationFlowSection4Test","org.eclipse.dataspacetck.dcp.verification.presentation.verifier.PresentationFlowSection4Test","verifier_04_03_03_idTokenIncorrectSub"
"","6929","transferData_withSuspendResume()","","Mon Feb 23 11:10:20 UTC 2026","passed","Mon Feb 23 11:10:27 UTC 2026","","org.eclipse.tractusx.edc.tests.transfer.TransferPullEndToEndTest.Dsp08to08","org.eclipse.tractusx.edc.tests.transfer.TransferPullEndToEndTest$Dsp08to08","transferData_withSuspendResume"
"","2388","The refresh token does not match the stored one","","Mon Feb 23 11:08:42 UTC 2026","passed","Mon Feb 23 11:08:45 UTC 2026","","org.eclipse.tractusx.edc.dataplane.tokenrefresh.e2e.DataPlaneTokenRefreshEndToEndTest","org.eclipse.tractusx.edc.dataplane.tokenrefresh.e2e.DataPlaneTokenRefreshEndToEndTest","refresh_withWrongRefreshToken"
"","61","4.3.3 Verify invalid access token - incorrect aud","","Mon Feb 23 11:08:42 UTC 2026","passed","Mon Feb 23 11:08:42 UTC 2026","","org.eclipse.dataspacetck.dcp.verification.presentation.verifier.PresentationFlowSection4Test","org.eclipse.dataspacetck.dcp.verification.presentation.verifier.PresentationFlowSection4Test","verifier_04_03_03_idTokenIncorrectAud"
"","46","Policy is not accepted because definition is not correct ""Usage policy prohibition with not allowed constraints""","","Mon Feb 23 11:08:36 UTC 2026","passed","Mon Feb 23 11:08:36 UTC 2026","","org.eclipse.tractusx.edc.tests.policy.PolicyDefinitionEndToEndTest","org.eclipse.tractusx.edc.tests.policy.PolicyDefinitionEndToEndTest","shouldNotAcceptInvalidPolicyDefinitions"
"","37","Policy is not accepted due to missing context ""Data Usage End Date""","","Mon Feb 23 11:08:37 UTC 2026","passed","Mon Feb 23 11:08:37 UTC 2026","","org.eclipse.tractusx.edc.tests.policy.PolicyDefinitionEndToEndTest","org.eclipse.tractusx.edc.tests.policy.PolicyDefinitionEndToEndTest","shouldNotAcceptInvalidNamespacePolicyDefinitions"
"","66","Policy is not accepted due to missing context ""Precedence""","","Mon Feb 23 11:08:37 UTC 2026","passed","Mon Feb 23 11:08:37 UTC 2026","","org.eclipse.tractusx.edc.tests.policy.PolicyDefinitionEndToEndTest","org.eclipse.tractusx.edc.tests.policy.PolicyDefinitionEndToEndTest","shouldNotAcceptInvalidNamespacePolicyDefinitions"
"","60","Policy is accepted ""Warranty""","","Mon Feb 23 11:08:35 UTC 2026","passed","Mon Feb 23 11:08:35 UTC 2026","","org.eclipse.tractusx.edc.tests.policy.PolicyDefinitionEndToEndTest","org.eclipse.tractusx.edc.tests.policy.PolicyDefinitionEndToEndTest","shouldAcceptValidPolicyDefinitions"
"","5509","When multiple requests to refresh, to different edrs, verify all return non expired token","","Mon Feb 23 11:08:36 UTC 2026","passed","Mon Feb 23 11:08:41 UTC 2026","","org.eclipse.tractusx.edc.tests.edrv2.EdrCacheApiEndToEndTest","org.eclipse.tractusx.edc.tests.edrv2.EdrCacheApiEndToEndTest","getEdrWithRefresh_subsequentRequestReturn"
"","42","Policy is not accepted due to missing context ""Confidential Information Measures""","","Mon Feb 23 11:08:37 UTC 2026","passed","Mon Feb 23 11:08:37 UTC 2026","","org.eclipse.tractusx.edc.tests.policy.PolicyDefinitionEndToEndTest","org.eclipse.tractusx.edc.tests.policy.PolicyDefinitionEndToEndTest","shouldNotAcceptInvalidNamespacePolicyDefinitions"
"","88","Policy is accepted ""Affiliates Region""","","Mon Feb 23 11:08:34 UTC 2026","passed","Mon Feb 23 11:08:34 UTC 2026","","org.eclipse.tractusx.edc.tests.policy.PolicyDefinitionEndToEndTest","org.eclipse.tractusx.edc.tests.policy.PolicyDefinitionEndToEndTest","shouldAcceptValidPolicyDefinitions"
"","2400","The authentication token misses required claims: audience","","Mon Feb 23 11:08:47 UTC 2026","passed","Mon Feb 23 11:08:50 UTC 2026","","org.eclipse.tractusx.edc.dataplane.tokenrefresh.e2e.DataPlaneTokenRefreshEndToEndTest","org.eclipse.tractusx.edc.dataplane.tokenrefresh.e2e.DataPlaneTokenRefreshEndToEndTest","refresh_invalidAuthenticationToken_missingAudience"
"","57","triggerDataTransfer_shouldFail_whenDataFlowIsNotInStartedState()","","Mon Feb 23 11:08:46 UTC 2026","passed","Mon Feb 23 11:08:46 UTC 2026","","org.eclipse.tractusx.edc.tests.transfer.DataFlowApiEndToEndTest","org.eclipse.tractusx.edc.tests.transfer.DataFlowApiEndToEndTest","triggerDataTransfer_shouldFail_whenDataFlowIsNotInStartedState"
"","51","Policy is accepted ""Empty Policy""","","Mon Feb 23 11:08:35 UTC 2026","passed","Mon Feb 23 11:08:36 UTC 2026","","org.eclipse.tractusx.edc.tests.policy.PolicyDefinitionEndToEndTest","org.eclipse.tractusx.edc.tests.policy.PolicyDefinitionEndToEndTest","shouldAcceptValidPolicyDefinitions"
"","392","Consumer gets catalog from the provider. No constraints.","","Mon Feb 23 11:08:49 UTC 2026","passed","Mon Feb 23 11:08:49 UTC 2026","","org.eclipse.tractusx.edc.tests.catalog.CatalogTest","org.eclipse.tractusx.edc.tests.catalog.CatalogTest","requestCatalog_fulfillsPolicy_shouldReturnOffer"
"","44","Provider gets 400 when no asset selector is used","","Mon Feb 23 11:09:12 UTC 2026","passed","Mon Feb 23 11:09:12 UTC 2026","","org.eclipse.tractusx.edc.tests.validators.EmptyAssetSelectorValidatorTest","org.eclipse.tractusx.edc.tests.validators.EmptyAssetSelectorValidatorTest","shouldFail_whenContractDefinitionHasNoAssetSelector"
"","50","Policy is accepted ""Business Partner Group""","","Mon Feb 23 11:08:35 UTC 2026","passed","Mon Feb 23 11:08:35 UTC 2026","","org.eclipse.tractusx.edc.tests.policy.PolicyDefinitionEndToEndTest","org.eclipse.tractusx.edc.tests.policy.PolicyDefinitionEndToEndTest","shouldAcceptValidPolicyDefinitions"
"","43","Policy is not accepted due to missing context ""Affiliates Region (IS_ANY_OF, one element)""","","Mon Feb 23 11:08:36 UTC 2026","passed","Mon Feb 23 11:08:36 UTC 2026","","org.eclipse.tractusx.edc.tests.policy.PolicyDefinitionEndToEndTest","org.eclipse.tractusx.edc.tests.policy.PolicyDefinitionEndToEndTest","shouldNotAcceptInvalidNamespacePolicyDefinitions"
"","60","5.4.2.3 Verifier should reject an empty 'presentation' array","","Mon Feb 23 11:08:42 UTC 2026","passed","Mon Feb 23 11:08:42 UTC 2026","","org.eclipse.dataspacetck.dcp.verification.presentation.verifier.PresentationFlowSection5Test","org.eclipse.dataspacetck.dcp.verification.presentation.verifier.PresentationFlowSection5Test","verifier_05_04_02_03_presentationResponse_emptyPresentations"
"","38","Policy is not accepted due to missing context ""Usage Purpose""","","Mon Feb 23 11:08:37 UTC 2026","passed","Mon Feb 23 11:08:37 UTC 2026","","org.eclipse.tractusx.edc.tests.policy.PolicyDefinitionEndToEndTest","org.eclipse.tractusx.edc.tests.policy.PolicyDefinitionEndToEndTest","shouldNotAcceptInvalidNamespacePolicyDefinitions"
"","118","discoveryShouldReturn400_whenNoProtocolsAvailable()","","Mon Feb 23 11:09:11 UTC 2026","passed","Mon Feb 23 11:09:11 UTC 2026","","org.eclipse.tractusx.edc.discovery.e2e.ConnectorParameterDiscoveryTest","org.eclipse.tractusx.edc.discovery.e2e.ConnectorParameterDiscoveryTest","discoveryShouldReturn400_whenNoProtocolsAvailable"
"","6","verifyAgentId_whenNoMembershipCredential_forDsp08(DataspaceProfileContextRegistry)","","Mon Feb 23 11:10:36 UTC 2026","passed","Mon Feb 23 11:10:36 UTC 2026","","org.eclipse.tractusx.edc.tests.transfer.IdentityExtractionTest","org.eclipse.tractusx.edc.tests.transfer.IdentityExtractionTest","verifyAgentId_whenNoMembershipCredential_forDsp08"
"","6559","Verify all existing TPs related to an agreement are terminated upon its retirement","","Mon Feb 23 11:09:08 UTC 2026","passed","Mon Feb 23 11:09:15 UTC 2026","","org.eclipse.tractusx.edc.tests.transfer.RetireAgreementTest","org.eclipse.tractusx.edc.tests.transfer.RetireAgreementTest","retireAgreement_shouldCloseTransferProcesses"
"","284","Expect the Catalog request to fail if a requested credential is missing","","Mon Feb 23 11:10:03 UTC 2026","passed","Mon Feb 23 11:10:03 UTC 2026","","org.eclipse.tractusx.edc.tests.transfer.DimConsumerPullTest","org.eclipse.tractusx.edc.tests.transfer.DimConsumerPullTest","catalogRequest_whenRequestedCredentialMissing"
"","16640","transferFile_largeFile(long, Vault) File size bytes: 536870912","","Mon Feb 23 11:08:44 UTC 2026","passed","Mon Feb 23 11:09:01 UTC 2026","","org.eclipse.tractusx.edc.dataplane.transfer.test.AzureToAzureTest","org.eclipse.tractusx.edc.dataplane.transfer.test.AzureToAzureTest","transferFile_largeFile"
"","72","Policy is accepted ""Data Frequency""","","Mon Feb 23 11:08:34 UTC 2026","passed","Mon Feb 23 11:08:34 UTC 2026","","org.eclipse.tractusx.edc.tests.policy.PolicyDefinitionEndToEndTest","org.eclipse.tractusx.edc.tests.policy.PolicyDefinitionEndToEndTest","shouldAcceptValidPolicyDefinitions"
"","71","Policy is accepted ""Affiliates BPNL""","","Mon Feb 23 11:08:34 UTC 2026","passed","Mon Feb 23 11:08:34 UTC 2026","","org.eclipse.tractusx.edc.tests.policy.PolicyDefinitionEndToEndTest","org.eclipse.tractusx.edc.tests.policy.PolicyDefinitionEndToEndTest","shouldAcceptValidPolicyDefinitions"
"","4394","transferData_failing_withProxyOriginalResponse_withoutSourceResponseBody()","","Mon Feb 23 11:10:12 UTC 2026","passed","Mon Feb 23 11:10:16 UTC 2026","","org.eclipse.tractusx.edc.tests.transfer.TransferPullEndToEndTest.Dsp08to08","org.eclipse.tractusx.edc.tests.transfer.TransferPullEndToEndTest$Dsp08to08","transferData_failing_withProxyOriginalResponse_withoutSourceResponseBody"
"","44","discoveryShouldReturn400_ifRequestHasMissingProps()","","Mon Feb 23 11:09:27 UTC 2026","passed","Mon Feb 23 11:09:27 UTC 2026","","org.eclipse.tractusx.edc.discovery.e2e.ConnectorParameterDiscoveryTest","org.eclipse.tractusx.edc.discovery.e2e.ConnectorParameterDiscoveryTest","discoveryShouldReturn400_ifRequestHasMissingProps"
"","2386","Refresh token success","","Mon Feb 23 11:08:50 UTC 2026","passed","Mon Feb 23 11:08:52 UTC 2026","","org.eclipse.tractusx.edc.dataplane.tokenrefresh.e2e.DataPlaneTokenRefreshEndToEndTest","org.eclipse.tractusx.edc.dataplane.tokenrefresh.e2e.DataPlaneTokenRefreshEndToEndTest","refresh_success"
"","66","Policy is accepted ""Data Usage End Duration Days""","","Mon Feb 23 11:08:34 UTC 2026","passed","Mon Feb 23 11:08:34 UTC 2026","","org.eclipse.tractusx.edc.tests.policy.PolicyDefinitionEndToEndTest","org.eclipse.tractusx.edc.tests.policy.PolicyDefinitionEndToEndTest","shouldAcceptValidPolicyDefinitions"
"","68","Policy is accepted ""Business Partner Number""","","Mon Feb 23 11:08:35 UTC 2026","passed","Mon Feb 23 11:08:35 UTC 2026","","org.eclipse.tractusx.edc.tests.policy.PolicyDefinitionEndToEndTest","org.eclipse.tractusx.edc.tests.policy.PolicyDefinitionEndToEndTest","shouldAcceptValidPolicyDefinitions"
"","109","Policy is accepted ""DataExchangeGovernance use case""","","Mon Feb 23 11:08:34 UTC 2026","passed","Mon Feb 23 11:08:34 UTC 2026","","org.eclipse.tractusx.edc.tests.policy.PolicyDefinitionEndToEndTest","org.eclipse.tractusx.edc.tests.policy.PolicyDefinitionEndToEndTest","shouldAcceptValidPolicyDefinitions"
"","15763","discoveryShouldReturn500_whenProviderEndpointNotReachable()","","Mon Feb 23 11:09:11 UTC 2026","passed","Mon Feb 23 11:09:27 UTC 2026","","org.eclipse.tractusx.edc.discovery.e2e.ConnectorParameterDiscoveryTest","org.eclipse.tractusx.edc.discovery.e2e.ConnectorParameterDiscoveryTest","discoveryShouldReturn500_whenProviderEndpointNotReachable"
"","5996","transferData_privateBackend_withConsumerDataPlane()","","Mon Feb 23 11:11:16 UTC 2026","passed","Mon Feb 23 11:11:22 UTC 2026","","org.eclipse.tractusx.edc.tests.transfer.StsConsumerPullTest","org.eclipse.tractusx.edc.tests.transfer.StsConsumerPullTest","transferData_privateBackend_withConsumerDataPlane"
"","3","verifyCorrectParticipantAgentId_forDsp2025(DataspaceProfileContextRegistry)","","Mon Feb 23 11:10:36 UTC 2026","passed","Mon Feb 23 11:10:36 UTC 2026","","org.eclipse.tractusx.edc.tests.transfer.IdentityExtractionTest","org.eclipse.tractusx.edc.tests.transfer.IdentityExtractionTest","verifyCorrectParticipantAgentId_forDsp2025"
"","502","discoveryShouldReturnDspParams_BpnAsIdentifier()","","Mon Feb 23 11:08:35 UTC 2026","passed","Mon Feb 23 11:08:36 UTC 2026","","org.eclipse.tractusx.edc.discovery.e2e.ConnectorDiscoveryTest","org.eclipse.tractusx.edc.discovery.e2e.ConnectorDiscoveryTest","discoveryShouldReturnDspParams_BpnAsIdentifier"
"","11431","shouldTransferOneGbFile()","","Mon Feb 23 11:10:08 UTC 2026","passed","Mon Feb 23 11:10:19 UTC 2026","","org.eclipse.tractusx.edc.dataplane.transfer.test.S3ToS3Test","org.eclipse.tractusx.edc.dataplane.transfer.test.S3ToS3Test","shouldTransferOneGbFile"
"","2062","transferFile_targetContainerNotExist_shouldFail(Vault)","","Mon Feb 23 11:09:32 UTC 2026","passed","Mon Feb 23 11:09:34 UTC 2026","","org.eclipse.tractusx.edc.dataplane.transfer.test.AzureToAzureTest","org.eclipse.tractusx.edc.dataplane.transfer.test.AzureToAzureTest","transferFile_targetContainerNotExist_shouldFail"
"","94","4.3.3 Verify invalid access token - iss and sub different","","Mon Feb 23 11:08:41 UTC 2026","passed","Mon Feb 23 11:08:41 UTC 2026","","org.eclipse.dataspacetck.dcp.verification.presentation.verifier.PresentationFlowSection4Test","org.eclipse.dataspacetck.dcp.verification.presentation.verifier.PresentationFlowSection4Test","verifier_04_03_03_idTokenInvalidSub"
"","5868","Verify that the callbacks are invoked when negotiating an EDR","","Mon Feb 23 11:09:01 UTC 2026","passed","Mon Feb 23 11:09:07 UTC 2026","","org.eclipse.tractusx.edc.tests.edrv2.NegotiateEdrTest","org.eclipse.tractusx.edc.tests.edrv2.NegotiateEdrTest","negotiateEdr_shouldInvokeCallbacks"
"","4014","transferData_failing_withProxyOriginalResponse()","","Mon Feb 23 11:09:52 UTC 2026","passed","Mon Feb 23 11:09:56 UTC 2026","","org.eclipse.tractusx.edc.tests.transfer.TransferPullEndToEndTest.Dsp08to08","org.eclipse.tractusx.edc.tests.transfer.TransferPullEndToEndTest$Dsp08to08","transferData_failing_withProxyOriginalResponse"
"","4032","transferData_unsuccessful_notReturnOriginalSourceResponseCode_withTerminate()","","Mon Feb 23 11:09:48 UTC 2026","passed","Mon Feb 23 11:09:52 UTC 2026","","org.eclipse.tractusx.edc.tests.transfer.TransferPullEndToEndTest.Dsp08to08","org.eclipse.tractusx.edc.tests.transfer.TransferPullEndToEndTest$Dsp08to08","transferData_unsuccessful_notReturnOriginalSourceResponseCode_withTerminate"
"","8144","transferFile_success()","","Mon Feb 23 11:10:11 UTC 2026","passed","Mon Feb 23 11:10:19 UTC 2026","","org.eclipse.tractusx.edc.tests.transfer.S3ToS3EndToEndTest","org.eclipse.tractusx.edc.tests.transfer.S3ToS3EndToEndTest","transferFile_success"
"","2099","transferFile_s3ToAzureMultipleFiles_whenConsumerDefinesBloblName_success(Vault)","","Mon Feb 23 11:09:48 UTC 2026","passed","Mon Feb 23 11:09:50 UTC 2026","","org.eclipse.tractusx.edc.dataplane.transfer.test.MultiCloudTest","org.eclipse.tractusx.edc.dataplane.transfer.test.MultiCloudTest","transferFile_s3ToAzureMultipleFiles_whenConsumerDefinesBloblName_success"
"","39","Policy is not accepted due to missing context ""Data Usage End Duration Days""","","Mon Feb 23 11:08:37 UTC 2026","passed","Mon Feb 23 11:08:37 UTC 2026","","org.eclipse.tractusx.edc.tests.policy.PolicyDefinitionEndToEndTest","org.eclipse.tractusx.edc.tests.policy.PolicyDefinitionEndToEndTest","shouldNotAcceptInvalidNamespacePolicyDefinitions"
"","3709","Run TCK Presentation Flow tests","","Mon Feb 23 11:08:39 UTC 2026","passed","Mon Feb 23 11:08:43 UTC 2026","","org.eclipse.tractusx.edc.tests.tck.dcp.DcpPresentationFlowTest","org.eclipse.tractusx.edc.tests.tck.dcp.DcpPresentationFlowTest","runPresentationFlowTests"
"","939","Expect the Catalog request to fail if a credential is revoked","","Mon Feb 23 11:10:02 UTC 2026","passed","Mon Feb 23 11:10:03 UTC 2026","","org.eclipse.tractusx.edc.tests.transfer.DimConsumerPullTest","org.eclipse.tractusx.edc.tests.transfer.DimConsumerPullTest","catalogRequest_whenCredentialRevoked"
"","109","BusinessPartnerUpdated event is published","","Mon Feb 23 11:08:54 UTC 2026","passed","Mon Feb 23 11:08:54 UTC 2026","","org.eclipse.tractusx.edc.tests.bpn.events.BusinessPartnerEventTest","org.eclipse.tractusx.edc.tests.bpn.events.BusinessPartnerEventTest","shouldPublishBusinessPartnerUpdatedEvent"
"","67","Verify HTTP 403 response when refreshing the token is not allowed","","Mon Feb 23 11:08:36 UTC 2026","passed","Mon Feb 23 11:08:36 UTC 2026","","org.eclipse.tractusx.edc.tests.edrv2.EdrCacheApiEndToEndTest","org.eclipse.tractusx.edc.tests.edrv2.EdrCacheApiEndToEndTest","getEdrWithRefresh_unauthorized"
"","47","Policy is not accepted due to missing context ""Version Changes""","","Mon Feb 23 11:08:37 UTC 2026","passed","Mon Feb 23 11:08:37 UTC 2026","","org.eclipse.tractusx.edc.tests.policy.PolicyDefinitionEndToEndTest","org.eclipse.tractusx.edc.tests.policy.PolicyDefinitionEndToEndTest","shouldNotAcceptInvalidNamespacePolicyDefinitions"
"","27","discoveryShouldReturn400_whenDidNotResolvable()","","Mon Feb 23 11:09:11 UTC 2026","passed","Mon Feb 23 11:09:11 UTC 2026","","org.eclipse.tractusx.edc.discovery.e2e.ConnectorParameterDiscoveryTest","org.eclipse.tractusx.edc.discovery.e2e.ConnectorParameterDiscoveryTest","discoveryShouldReturn400_whenDidNotResolvable"
"","76","Provider gets 200 when asset selector has a valid criterion","","Mon Feb 23 11:09:12 UTC 2026","passed","Mon Feb 23 11:09:12 UTC 2026","","org.eclipse.tractusx.edc.tests.validators.EmptyAssetSelectorValidatorTest","org.eclipse.tractusx.edc.tests.validators.EmptyAssetSelectorValidatorTest","shouldPass_whenContractDefinitionHasCorrectAssetSelector"
"","54","Policy is accepted ""Confidential Information Sharing""","","Mon Feb 23 11:08:35 UTC 2026","passed","Mon Feb 23 11:08:35 UTC 2026","","org.eclipse.tractusx.edc.tests.policy.PolicyDefinitionEndToEndTest","org.eclipse.tractusx.edc.tests.policy.PolicyDefinitionEndToEndTest","shouldAcceptValidPolicyDefinitions"
"","2567","The Authorization header is missing","","Mon Feb 23 11:08:30 UTC 2026","passed","Mon Feb 23 11:08:33 UTC 2026","","org.eclipse.tractusx.edc.dataplane.tokenrefresh.e2e.DataPlaneTokenRefreshEndToEndTest","org.eclipse.tractusx.edc.dataplane.tokenrefresh.e2e.DataPlaneTokenRefreshEndToEndTest","refresh_missingAuthHeader"
"","100","BusinessPartnerDeleted event is published","","Mon Feb 23 11:08:54 UTC 2026","passed","Mon Feb 23 11:08:54 UTC 2026","","org.eclipse.tractusx.edc.tests.bpn.events.BusinessPartnerEventTest","org.eclipse.tractusx.edc.tests.bpn.events.BusinessPartnerEventTest","shouldPublishBusinessPartnerDeletedEvent"
"","49","Policy is not accepted because definition is not correct ""Policy with mutually exclusive constraints""","","Mon Feb 23 11:08:36 UTC 2026","passed","Mon Feb 23 11:08:36 UTC 2026","","org.eclipse.tractusx.edc.tests.policy.PolicyDefinitionEndToEndTest","org.eclipse.tractusx.edc.tests.policy.PolicyDefinitionEndToEndTest","shouldNotAcceptInvalidPolicyDefinitions"
"","41","Policy is not accepted due to missing context ""Business Partner Number""","","Mon Feb 23 11:08:37 UTC 2026","passed","Mon Feb 23 11:08:37 UTC 2026","","org.eclipse.tractusx.edc.tests.policy.PolicyDefinitionEndToEndTest","org.eclipse.tractusx.edc.tests.policy.PolicyDefinitionEndToEndTest","shouldNotAcceptInvalidNamespacePolicyDefinitions"
"","2342","Verify the refresh endpoint is not called when auto_refresh=false","","Mon Feb 23 11:08:32 UTC 2026","passed","Mon Feb 23 11:08:35 UTC 2026","","org.eclipse.tractusx.edc.tests.edrv2.EdrCacheApiEndToEndTest","org.eclipse.tractusx.edc.tests.edrv2.EdrCacheApiEndToEndTest","getEdrWithRefresh_whenNotAutorefresh_shouldNotCallEndpoint"
"","4498","transferData_failing_withProxyOriginalResponse_withoutSourceResponseBody()","","Mon Feb 23 11:11:22 UTC 2026","passed","Mon Feb 23 11:11:27 UTC 2026","","org.eclipse.tractusx.edc.tests.transfer.TransferPullEndToEndTest.Dsp2025to2025","org.eclipse.tractusx.edc.tests.transfer.TransferPullEndToEndTest$Dsp2025to2025","transferData_failing_withProxyOriginalResponse_withoutSourceResponseBody"
"","41","Policy is not accepted because definition is not correct ""Access Policy with prohibition rule""","","Mon Feb 23 11:08:36 UTC 2026","passed","Mon Feb 23 11:08:36 UTC 2026","","org.eclipse.tractusx.edc.tests.policy.PolicyDefinitionEndToEndTest","org.eclipse.tractusx.edc.tests.policy.PolicyDefinitionEndToEndTest","shouldNotAcceptInvalidPolicyDefinitions"
"","2537","shouldDelegateAuth()","","Mon Feb 23 11:08:56 UTC 2026","passed","Mon Feb 23 11:08:58 UTC 2026","","org.eclipse.tractusx.edc.tests.auth.DelegatedAuthEndToEndTest","org.eclipse.tractusx.edc.tests.auth.DelegatedAuthEndToEndTest","shouldDelegateAuth"
"","2069","transferFile_s3ToAzureMultipleFiles(Vault)","","Mon Feb 23 11:09:54 UTC 2026","passed","Mon Feb 23 11:09:56 UTC 2026","","org.eclipse.tractusx.edc.dataplane.transfer.test.MultiCloudTest","org.eclipse.tractusx.edc.dataplane.transfer.test.MultiCloudTest","transferFile_s3ToAzureMultipleFiles"
"","1525","4.3.3 Verify invalid access token - nbf in future","","Mon Feb 23 11:08:39 UTC 2026","passed","Mon Feb 23 11:08:41 UTC 2026","","org.eclipse.dataspacetck.dcp.verification.presentation.verifier.PresentationFlowSection4Test","org.eclipse.dataspacetck.dcp.verification.presentation.verifier.PresentationFlowSection4Test","verifier_04_03_03_idTokenNbfInFuture"
"","40","Policy is not accepted due to missing context ""Data Usage End Date Definition""","","Mon Feb 23 11:08:37 UTC 2026","passed","Mon Feb 23 11:08:37 UTC 2026","","org.eclipse.tractusx.edc.tests.policy.PolicyDefinitionEndToEndTest","org.eclipse.tractusx.edc.tests.policy.PolicyDefinitionEndToEndTest","shouldNotAcceptInvalidNamespacePolicyDefinitions"
"","46","Policy is not accepted because definition is not correct ""Usage policy obligation with not allowed constraints""","","Mon Feb 23 11:08:36 UTC 2026","passed","Mon Feb 23 11:08:36 UTC 2026","","org.eclipse.tractusx.edc.tests.policy.PolicyDefinitionEndToEndTest","org.eclipse.tractusx.edc.tests.policy.PolicyDefinitionEndToEndTest","shouldNotAcceptInvalidPolicyDefinitions"
"","63","4.3.3 Verify invalid access token - expired","","Mon Feb 23 11:08:41 UTC 2026","passed","Mon Feb 23 11:08:41 UTC 2026","","org.eclipse.dataspacetck.dcp.verification.presentation.verifier.PresentationFlowSection4Test","org.eclipse.dataspacetck.dcp.verification.presentation.verifier.PresentationFlowSection4Test","verifier_04_03_03_idTokenExpired"
"","74","Policy is accepted ""Affiliates Region (IS_ANY_OF, one element)""","","Mon Feb 23 11:08:34 UTC 2026","passed","Mon Feb 23 11:08:34 UTC 2026","","org.eclipse.tractusx.edc.tests.policy.PolicyDefinitionEndToEndTest","org.eclipse.tractusx.edc.tests.policy.PolicyDefinitionEndToEndTest","shouldAcceptValidPolicyDefinitions"
"","841","triggerDataTransfer_shouldFail_whenDataFlowIsNotPushFlowType()","","Mon Feb 23 11:08:45 UTC 2026","passed","Mon Feb 23 11:08:46 UTC 2026","","org.eclipse.tractusx.edc.tests.transfer.DataFlowApiEndToEndTest","org.eclipse.tractusx.edc.tests.transfer.DataFlowApiEndToEndTest","triggerDataTransfer_shouldFail_whenDataFlowIsNotPushFlowType"
"","67","5.4.2.1 Verifier should reject a presentation response message that contains a different credential than requested","","Mon Feb 23 11:08:43 UTC 2026","passed","Mon Feb 23 11:08:43 UTC 2026","","org.eclipse.dataspacetck.dcp.verification.presentation.verifier.PresentationFlowSection5Test","org.eclipse.dataspacetck.dcp.verification.presentation.verifier.PresentationFlowSection5Test","verifier_05_04_02_01_presentationResponse_tooFewCredentials"
"","225","Verify that the consumer receives only the offers he is permitted to (using BPN group validation)","","Mon Feb 23 11:09:40 UTC 2026","passed","Mon Feb 23 11:09:40 UTC 2026","","org.eclipse.tractusx.edc.tests.catalog.CatalogTest","org.eclipse.tractusx.edc.tests.catalog.CatalogTest","requestCatalog_filteredByBpnGroup_shouldReturnOffer"
"","6","verifyCorrectParticipantAgentId_forDsp08(DataspaceProfileContextRegistry)","","Mon Feb 23 11:10:36 UTC 2026","passed","Mon Feb 23 11:10:36 UTC 2026","","org.eclipse.tractusx.edc.tests.transfer.IdentityExtractionTest","org.eclipse.tractusx.edc.tests.transfer.IdentityExtractionTest","verifyCorrectParticipantAgentId_forDsp08"
"","1592","Expect the Catalog request to fail if a credential is expired","","Mon Feb 23 11:10:00 UTC 2026","passed","Mon Feb 23 11:10:02 UTC 2026","","org.eclipse.tractusx.edc.tests.transfer.DimConsumerPullTest","org.eclipse.tractusx.edc.tests.transfer.DimConsumerPullTest","catalogRequest_whenCredentialExpired"
"","23","discoveryShouldReturn08DspParams_whenDsp2025NotAvailable_DidAsIdentifier()","","Mon Feb 23 11:09:27 UTC 2026","passed","Mon Feb 23 11:09:27 UTC 2026","","org.eclipse.tractusx.edc.discovery.e2e.ConnectorParameterDiscoveryTest","org.eclipse.tractusx.edc.discovery.e2e.ConnectorParameterDiscoveryTest","discoveryShouldReturn08DspParams_whenDsp2025NotAvailable_DidAsIdentifier"
"","169","Policy is not accepted because definition is not correct ""Usage policy with empty permission""","","Mon Feb 23 11:08:36 UTC 2026","passed","Mon Feb 23 11:08:36 UTC 2026","","org.eclipse.tractusx.edc.tests.policy.PolicyDefinitionEndToEndTest","org.eclipse.tractusx.edc.tests.policy.PolicyDefinitionEndToEndTest","shouldNotAcceptInvalidPolicyDefinitions"
"","6099","httpPushDataTransfer_withLegacyUsagePolicy()","","Mon Feb 23 11:12:41 UTC 2026","passed","Mon Feb 23 11:12:47 UTC 2026","","org.eclipse.tractusx.edc.tests.transfer.TransferPushEndToEndTest.Dsp2025to2025","org.eclipse.tractusx.edc.tests.transfer.TransferPushEndToEndTest$Dsp2025to2025","httpPushDataTransfer_withLegacyUsagePolicy"
"","227","Expect the Catalog request to fail if a credential is revoked","","Mon Feb 23 11:10:59 UTC 2026","passed","Mon Feb 23 11:10:59 UTC 2026","","org.eclipse.tractusx.edc.tests.transfer.StsConsumerPullTest","org.eclipse.tractusx.edc.tests.transfer.StsConsumerPullTest","catalogRequest_whenCredentialRevoked"
"","8042","The authentication token misses required claims: token","","Mon Feb 23 11:08:22 UTC 2026","passed","Mon Feb 23 11:08:30 UTC 2026","","org.eclipse.tractusx.edc.dataplane.tokenrefresh.e2e.DataPlaneTokenRefreshEndToEndTest","org.eclipse.tractusx.edc.dataplane.tokenrefresh.e2e.DataPlaneTokenRefreshEndToEndTest","refresh_invalidAuthenticationToken_missingAccessToken"
"","116","Verify HTTP 200 response and body when refreshing succeeds","","Mon Feb 23 11:08:41 UTC 2026","passed","Mon Feb 23 11:08:41 UTC 2026","","org.eclipse.tractusx.edc.tests.edrv2.EdrCacheApiEndToEndTest","org.eclipse.tractusx.edc.tests.edrv2.EdrCacheApiEndToEndTest","getEdrWithRefresh_success"
"","59","5.4.3.7 Verifier should reject an expired credential","","Mon Feb 23 11:08:43 UTC 2026","passed","Mon Feb 23 11:08:43 UTC 2026","","org.eclipse.dataspacetck.dcp.verification.presentation.verifier.PresentationFlowSection5Test","org.eclipse.dataspacetck.dcp.verification.presentation.verifier.PresentationFlowSection5Test","verifier_05_04_03_07_presentationResponse_expiredCredential"
"","260","Verify that the consumer receives only the offers he is permitted to (using the legacy BPN validation)","","Mon Feb 23 11:09:41 UTC 2026","passed","Mon Feb 23 11:09:41 UTC 2026","","org.eclipse.tractusx.edc.tests.catalog.CatalogTest","org.eclipse.tractusx.edc.tests.catalog.CatalogTest","requestCatalog_filteredByBpnLegacy_shouldReject"
"","58","Policy is accepted ""Usage Purpose""","","Mon Feb 23 11:08:35 UTC 2026","passed","Mon Feb 23 11:08:35 UTC 2026","","org.eclipse.tractusx.edc.tests.policy.PolicyDefinitionEndToEndTest","org.eclipse.tractusx.edc.tests.policy.PolicyDefinitionEndToEndTest","shouldAcceptValidPolicyDefinitions"
"","2068","transferFile_success(Vault)","","Mon Feb 23 11:09:27 UTC 2026","passed","Mon Feb 23 11:09:29 UTC 2026","","org.eclipse.tractusx.edc.dataplane.transfer.test.AzureToAzureTest","org.eclipse.tractusx.edc.dataplane.transfer.test.AzureToAzureTest","transferFile_success"
"","1966","trigger_shouldReturnSuccess_whenAllValidationsSucceed()","","Mon Feb 23 11:08:43 UTC 2026","passed","Mon Feb 23 11:08:45 UTC 2026","","org.eclipse.tractusx.edc.tests.transfer.DataFlowApiEndToEndTest","org.eclipse.tractusx.edc.tests.transfer.DataFlowApiEndToEndTest","trigger_shouldReturnSuccess_whenAllValidationsSucceed"
"","57","Policy is accepted ""Liability""","","Mon Feb 23 11:08:35 UTC 2026","passed","Mon Feb 23 11:08:35 UTC 2026","","org.eclipse.tractusx.edc.tests.policy.PolicyDefinitionEndToEndTest","org.eclipse.tractusx.edc.tests.policy.PolicyDefinitionEndToEndTest","shouldAcceptValidPolicyDefinitions"
"","100","X.X Verifier should reject Presentations where at least 1 credential schema is violated","","Mon Feb 23 11:08:42 UTC 2026","passed","Mon Feb 23 11:08:42 UTC 2026","","org.eclipse.dataspacetck.dcp.verification.presentation.verifier.PresentationFlowSection5Test","org.eclipse.dataspacetck.dcp.verification.presentation.verifier.PresentationFlowSection5Test","verifier_x_x_presentationResponse_invalidCredentialSchema"
"","39","Policy is not accepted due to missing context ""Business Partner Group""","","Mon Feb 23 11:08:37 UTC 2026","passed","Mon Feb 23 11:08:37 UTC 2026","","org.eclipse.tractusx.edc.tests.policy.PolicyDefinitionEndToEndTest","org.eclipse.tractusx.edc.tests.policy.PolicyDefinitionEndToEndTest","shouldNotAcceptInvalidNamespacePolicyDefinitions"
"","38","Policy is not accepted due to missing context ""Warranty Definition""","","Mon Feb 23 11:08:37 UTC 2026","passed","Mon Feb 23 11:08:37 UTC 2026","","org.eclipse.tractusx.edc.tests.policy.PolicyDefinitionEndToEndTest","org.eclipse.tractusx.edc.tests.policy.PolicyDefinitionEndToEndTest","shouldNotAcceptInvalidNamespacePolicyDefinitions"
"","58","Policy is accepted ""Access policy with empty permission""","","Mon Feb 23 11:08:36 UTC 2026","passed","Mon Feb 23 11:08:36 UTC 2026","","org.eclipse.tractusx.edc.tests.policy.PolicyDefinitionEndToEndTest","org.eclipse.tractusx.edc.tests.policy.PolicyDefinitionEndToEndTest","shouldAcceptValidPolicyDefinitions"
"","2058","transferFile_s3ToAzure(Vault)","","Mon Feb 23 11:09:50 UTC 2026","passed","Mon Feb 23 11:09:52 UTC 2026","","org.eclipse.tractusx.edc.dataplane.transfer.test.MultiCloudTest","org.eclipse.tractusx.edc.dataplane.transfer.test.MultiCloudTest","transferFile_s3ToAzure"
"","377","Expect the Catalog request to fail if a credential is expired","","Mon Feb 23 11:10:59 UTC 2026","passed","Mon Feb 23 11:10:59 UTC 2026","","org.eclipse.tractusx.edc.tests.transfer.StsConsumerPullTest","org.eclipse.tractusx.edc.tests.transfer.StsConsumerPullTest","catalogRequest_whenCredentialExpired"
"","954","shouldFail_whenDestinationBucketDoesNotExist()","","Mon Feb 23 11:10:07 UTC 2026","passed","Mon Feb 23 11:10:08 UTC 2026","","org.eclipse.tractusx.edc.dataplane.transfer.test.S3ToS3Test","org.eclipse.tractusx.edc.dataplane.transfer.test.S3ToS3Test","shouldFail_whenDestinationBucketDoesNotExist"
"","40","Policy is not accepted due to missing context ""Liability""","","Mon Feb 23 11:08:37 UTC 2026","passed","Mon Feb 23 11:08:37 UTC 2026","","org.eclipse.tractusx.edc.tests.policy.PolicyDefinitionEndToEndTest","org.eclipse.tractusx.edc.tests.policy.PolicyDefinitionEndToEndTest","shouldNotAcceptInvalidNamespacePolicyDefinitions"
"","53","Expect the Catalog request to fail if a credential has an invalid credential subject id","","Mon Feb 23 11:10:59 UTC 2026","passed","Mon Feb 23 11:10:59 UTC 2026","","org.eclipse.tractusx.edc.tests.transfer.StsConsumerPullTest","org.eclipse.tractusx.edc.tests.transfer.StsConsumerPullTest","catalogRequest_whenCredentialSubjectIdIsInvalid"
"","58","Policy is accepted ""Warranty Duration Months""","","Mon Feb 23 11:08:35 UTC 2026","passed","Mon Feb 23 11:08:35 UTC 2026","","org.eclipse.tractusx.edc.tests.policy.PolicyDefinitionEndToEndTest","org.eclipse.tractusx.edc.tests.policy.PolicyDefinitionEndToEndTest","shouldAcceptValidPolicyDefinitions"
"","339","Provider gets 400 when empty asset selector is used","","Mon Feb 23 11:09:11 UTC 2026","passed","Mon Feb 23 11:09:12 UTC 2026","","org.eclipse.tractusx.edc.tests.validators.EmptyAssetSelectorValidatorTest","org.eclipse.tractusx.edc.tests.validators.EmptyAssetSelectorValidatorTest","shouldFail_whenContractDefinitionHasEmptyAssetSelector"
"","24546","transferFile_largeFile(long, Vault) File size bytes: 1073741824","","Mon Feb 23 11:09:01 UTC 2026","passed","Mon Feb 23 11:09:25 UTC 2026","","org.eclipse.tractusx.edc.dataplane.transfer.test.AzureToAzureTest","org.eclipse.tractusx.edc.dataplane.transfer.test.AzureToAzureTest","transferFile_largeFile"
"","70","Policy is accepted ""Jurisdiction Location""","","Mon Feb 23 11:08:34 UTC 2026","passed","Mon Feb 23 11:08:34 UTC 2026","","org.eclipse.tractusx.edc.tests.policy.PolicyDefinitionEndToEndTest","org.eclipse.tractusx.edc.tests.policy.PolicyDefinitionEndToEndTest","shouldAcceptValidPolicyDefinitions"
"","42","Policy is not accepted due to missing context ""Liability""","","Mon Feb 23 11:08:37 UTC 2026","passed","Mon Feb 23 11:08:37 UTC 2026","","org.eclipse.tractusx.edc.tests.policy.PolicyDefinitionEndToEndTest","org.eclipse.tractusx.edc.tests.policy.PolicyDefinitionEndToEndTest","shouldNotAcceptInvalidNamespacePolicyDefinitions"
"","83","Policy is accepted ""Version Changes""","","Mon Feb 23 11:08:35 UTC 2026","passed","Mon Feb 23 11:08:35 UTC 2026","","org.eclipse.tractusx.edc.tests.policy.PolicyDefinitionEndToEndTest","org.eclipse.tractusx.edc.tests.policy.PolicyDefinitionEndToEndTest","shouldAcceptValidPolicyDefinitions"
"","4238","transferData_successful_notReturnOriginalSourceResponseCode_withTerminate()","","Mon Feb 23 11:10:27 UTC 2026","passed","Mon Feb 23 11:10:31 UTC 2026","","org.eclipse.tractusx.edc.tests.transfer.TransferPullEndToEndTest.Dsp08to08","org.eclipse.tractusx.edc.tests.transfer.TransferPullEndToEndTest$Dsp08to08","transferData_successful_notReturnOriginalSourceResponseCode_withTerminate"
"","113","discoveryShouldReturn08DspParams_whenDsp2025NotAvailable_BpnAsIdentifier()","","Mon Feb 23 11:09:27 UTC 2026","passed","Mon Feb 23 11:09:27 UTC 2026","","org.eclipse.tractusx.edc.discovery.e2e.ConnectorParameterDiscoveryTest","org.eclipse.tractusx.edc.discovery.e2e.ConnectorParameterDiscoveryTest","discoveryShouldReturn08DspParams_whenDsp2025NotAvailable_BpnAsIdentifier"
"","15432","transferData_withTerminate()","","Mon Feb 23 11:09:56 UTC 2026","passed","Mon Feb 23 11:10:12 UTC 2026","","org.eclipse.tractusx.edc.tests.transfer.TransferPullEndToEndTest.Dsp08to08","org.eclipse.tractusx.edc.tests.transfer.TransferPullEndToEndTest$Dsp08to08","transferData_withTerminate"
"","2454","Refresh token is null or empty (missing) [2] """"","","Mon Feb 23 11:08:38 UTC 2026","passed","Mon Feb 23 11:08:40 UTC 2026","","org.eclipse.tractusx.edc.dataplane.tokenrefresh.e2e.DataPlaneTokenRefreshEndToEndTest","org.eclipse.tractusx.edc.dataplane.tokenrefresh.e2e.DataPlaneTokenRefreshEndToEndTest","refresh_invalidRefreshToken"
"","35","Policy is not accepted due to missing context ""Exclusive Usage""","","Mon Feb 23 11:08:37 UTC 2026","passed","Mon Feb 23 11:08:37 UTC 2026","","org.eclipse.tractusx.edc.tests.policy.PolicyDefinitionEndToEndTest","org.eclipse.tractusx.edc.tests.policy.PolicyDefinitionEndToEndTest","shouldNotAcceptInvalidNamespacePolicyDefinitions"
"","39","Policy is not accepted because definition is not correct ""Access policy permission with not allowed constraints""","","Mon Feb 23 11:08:36 UTC 2026","passed","Mon Feb 23 11:08:36 UTC 2026","","org.eclipse.tractusx.edc.tests.policy.PolicyDefinitionEndToEndTest","org.eclipse.tractusx.edc.tests.policy.PolicyDefinitionEndToEndTest","shouldNotAcceptInvalidPolicyDefinitions"
"","62","Policy is accepted ""Jurisdiction Location Reference""","","Mon Feb 23 11:08:34 UTC 2026","passed","Mon Feb 23 11:08:35 UTC 2026","","org.eclipse.tractusx.edc.tests.policy.PolicyDefinitionEndToEndTest","org.eclipse.tractusx.edc.tests.policy.PolicyDefinitionEndToEndTest","shouldAcceptValidPolicyDefinitions"
"","4014","transferData_success_withProxyOriginalResponse()","","Mon Feb 23 11:10:16 UTC 2026","passed","Mon Feb 23 11:10:20 UTC 2026","","org.eclipse.tractusx.edc.tests.transfer.TransferPullEndToEndTest.Dsp08to08","org.eclipse.tractusx.edc.tests.transfer.TransferPullEndToEndTest$Dsp08to08","transferData_success_withProxyOriginalResponse"
"","57","refreshEdr_whenNotAuthorized()","","Mon Feb 23 11:08:41 UTC 2026","passed","Mon Feb 23 11:08:41 UTC 2026","","org.eclipse.tractusx.edc.tests.edrv2.EdrCacheApiEndToEndTest","org.eclipse.tractusx.edc.tests.edrv2.EdrCacheApiEndToEndTest","refreshEdr_whenNotAuthorized"
"","17330","Malicious actor should not impersonate a consumer sending a valid consumer VP","","Mon Feb 23 11:08:59 UTC 2026","passed","Mon Feb 23 11:09:16 UTC 2026","","org.eclipse.tractusx.edc.tests.transfer.CredentialSpoofTest","org.eclipse.tractusx.edc.tests.transfer.CredentialSpoofTest","shouldNotImpersonateConsumer_withConsumerPresentation"
"","2142","transferFile_success()","","Mon Feb 23 11:10:05 UTC 2026","passed","Mon Feb 23 11:10:07 UTC 2026","","org.eclipse.tractusx.edc.dataplane.transfer.test.S3ToS3Test","org.eclipse.tractusx.edc.dataplane.transfer.test.S3ToS3Test","transferFile_success"
"","79","Policy is accepted ""Data Usage End Date""","","Mon Feb 23 11:08:34 UTC 2026","passed","Mon Feb 23 11:08:34 UTC 2026","","org.eclipse.tractusx.edc.tests.policy.PolicyDefinitionEndToEndTest","org.eclipse.tractusx.edc.tests.policy.PolicyDefinitionEndToEndTest","shouldAcceptValidPolicyDefinitions"
"","71","discoveryShouldReturnDspParams_DidAsIdentifier()","","Mon Feb 23 11:08:36 UTC 2026","passed","Mon Feb 23 11:08:36 UTC 2026","","org.eclipse.tractusx.edc.discovery.e2e.ConnectorDiscoveryTest","org.eclipse.tractusx.edc.discovery.e2e.ConnectorDiscoveryTest","discoveryShouldReturnDspParams_DidAsIdentifier"
"","42","Verifier should resolve the DID from the prover's ID token","","Mon Feb 23 11:08:42 UTC 2026","passed","Mon Feb 23 11:08:42 UTC 2026","","org.eclipse.dataspacetck.dcp.verification.presentation.verifier.PresentationFlowSection5Test","org.eclipse.dataspacetck.dcp.verification.presentation.verifier.PresentationFlowSection5Test","presentationResponse_endpointDiscovery"
"","64","5.4.3.6 Verifier should reject a credential that is not yet valid","","Mon Feb 23 11:08:42 UTC 2026","passed","Mon Feb 23 11:08:42 UTC 2026","","org.eclipse.dataspacetck.dcp.verification.presentation.verifier.PresentationFlowSection5Test","org.eclipse.dataspacetck.dcp.verification.presentation.verifier.PresentationFlowSection5Test","verifier_05_04_03_06_presentationResponse_notYetValidCredential"
"","5011","transferData_privateBackend()","","Mon Feb 23 11:11:11 UTC 2026","passed","Mon Feb 23 11:11:16 UTC 2026","","org.eclipse.tractusx.edc.tests.transfer.StsConsumerPullTest","org.eclipse.tractusx.edc.tests.transfer.StsConsumerPullTest","transferData_privateBackend"
"","64","triggerDataTransfer_shouldFail_whenDataFlowIsFinite()","","Mon Feb 23 11:08:46 UTC 2026","passed","Mon Feb 23 11:08:46 UTC 2026","","org.eclipse.tractusx.edc.tests.transfer.DataFlowApiEndToEndTest","org.eclipse.tractusx.edc.tests.transfer.DataFlowApiEndToEndTest","triggerDataTransfer_shouldFail_whenDataFlowIsFinite"
"","71","Policy is accepted ""ContractTermination""","","Mon Feb 23 11:08:35 UTC 2026","passed","Mon Feb 23 11:08:35 UTC 2026","","org.eclipse.tractusx.edc.tests.policy.PolicyDefinitionEndToEndTest","org.eclipse.tractusx.edc.tests.policy.PolicyDefinitionEndToEndTest","shouldAcceptValidPolicyDefinitions"
"","5065","httpPushDataTransfer()","","Mon Feb 23 11:12:47 UTC 2026","passed","Mon Feb 23 11:12:52 UTC 2026","","org.eclipse.tractusx.edc.tests.transfer.TransferPushEndToEndTest.Dsp2025to2025","org.eclipse.tractusx.edc.tests.transfer.TransferPushEndToEndTest$Dsp2025to2025","httpPushDataTransfer"
"","57","Expect the Catalog request to fail if a requested credential is missing","","Mon Feb 23 11:10:59 UTC 2026","passed","Mon Feb 23 11:10:59 UTC 2026","","org.eclipse.tractusx.edc.tests.transfer.StsConsumerPullTest","org.eclipse.tractusx.edc.tests.transfer.StsConsumerPullTest","catalogRequest_whenRequestedCredentialMissing"
"","40","discoveryShouldReturn502_ifMetadaEndpointNotReachable()","","Mon Feb 23 11:09:27 UTC 2026","passed","Mon Feb 23 11:09:27 UTC 2026","","org.eclipse.tractusx.edc.discovery.e2e.ConnectorParameterDiscoveryTest","org.eclipse.tractusx.edc.discovery.e2e.ConnectorParameterDiscoveryTest","discoveryShouldReturn502_ifMetadaEndpointNotReachable"
"","50825","Catalog with 1000 offers","","Mon Feb 23 11:08:49 UTC 2026","passed","Mon Feb 23 11:09:40 UTC 2026","","org.eclipse.tractusx.edc.tests.catalog.CatalogTest","org.eclipse.tractusx.edc.tests.catalog.CatalogTest","requestCatalog_of1000Assets_shouldContainAll"
"","47","Policy is not accepted because definition is not correct ""Usage policy permission with not allowed constraints""","","Mon Feb 23 11:08:36 UTC 2026","passed","Mon Feb 23 11:08:36 UTC 2026","","org.eclipse.tractusx.edc.tests.policy.PolicyDefinitionEndToEndTest","org.eclipse.tractusx.edc.tests.policy.PolicyDefinitionEndToEndTest","shouldNotAcceptInvalidPolicyDefinitions"
"","63","5.4.3 Verifier should reject Presentations where the holder does not match the credentialSubject.id","","Mon Feb 23 11:08:42 UTC 2026","passed","Mon Feb 23 11:08:43 UTC 2026","","org.eclipse.dataspacetck.dcp.verification.presentation.verifier.PresentationFlowSection5Test","org.eclipse.dataspacetck.dcp.verification.presentation.verifier.PresentationFlowSection5Test","verifier_05_04_03_presentationResponse_holderNotEqualSubjectId"
"","54","Policy is accepted ""In force date policy""","","Mon Feb 23 11:08:36 UTC 2026","passed","Mon Feb 23 11:08:36 UTC 2026","","org.eclipse.tractusx.edc.tests.policy.PolicyDefinitionEndToEndTest","org.eclipse.tractusx.edc.tests.policy.PolicyDefinitionEndToEndTest","shouldAcceptValidPolicyDefinitions"
"","3549","transferData_privateBackend()","","Mon Feb 23 11:10:52 UTC 2026","passed","Mon Feb 23 11:10:56 UTC 2026","","org.eclipse.tractusx.edc.tests.transfer.TransferPullEndToEndTest.Dsp2025to2025","org.eclipse.tractusx.edc.tests.transfer.TransferPullEndToEndTest$Dsp2025to2025","transferData_privateBackend"
"","3","verifyAgentId_whenNoMembershipCredential_forDsp2025(DataspaceProfileContextRegistry)","","Mon Feb 23 11:10:36 UTC 2026","passed","Mon Feb 23 11:10:36 UTC 2026","","org.eclipse.tractusx.edc.tests.transfer.IdentityExtractionTest","org.eclipse.tractusx.edc.tests.transfer.IdentityExtractionTest","verifyAgentId_whenNoMembershipCredential_forDsp2025"
"","2975","transferData_failing_withProxyOriginalResponse()","","Mon Feb 23 11:11:05 UTC 2026","passed","Mon Feb 23 11:11:08 UTC 2026","","org.eclipse.tractusx.edc.tests.transfer.TransferPullEndToEndTest.Dsp2025to2025","org.eclipse.tractusx.edc.tests.transfer.TransferPullEndToEndTest$Dsp2025to2025","transferData_failing_withProxyOriginalResponse"
"","58","Policy is accepted ""Liability""","","Mon Feb 23 11:08:35 UTC 2026","passed","Mon Feb 23 11:08:35 UTC 2026","","org.eclipse.tractusx.edc.tests.policy.PolicyDefinitionEndToEndTest","org.eclipse.tractusx.edc.tests.policy.PolicyDefinitionEndToEndTest","shouldAcceptValidPolicyDefinitions"
"","45","Policy is not accepted due to missing context ""Affiliates BPNL""","","Mon Feb 23 11:08:36 UTC 2026","passed","Mon Feb 23 11:08:36 UTC 2026","","org.eclipse.tractusx.edc.tests.policy.PolicyDefinitionEndToEndTest","org.eclipse.tractusx.edc.tests.policy.PolicyDefinitionEndToEndTest","shouldNotAcceptInvalidNamespacePolicyDefinitions"
